"name","kind","asset_type","parent","serialized_size","readiness","loader_proven","emitter_ready","compiler_ready","contract_file","loader_file","model_file","evidence","notes"
"PhysPreset","asset","PhysPreset","","","Open","FALSE","FALSE","FALSE","","","FastFile/FastFile.Models/Assets/Weapon/WeaponChildAssets.cs","XAssetType slot known","Top-level asset loader not implemented; recursive weapon shell has limited loader evidence"
"PhysCollmap","asset","PhysCollmap","","0x48","LoaderProven","TRUE","FALSE","FALSE","","FastFile/FastFile.Loaders/Assets/Physics/PhysCollmapLoader.cs","FastFile/FastFile.Models/Assets/Physics/PhysCollmapAsset.cs","physcollmap_loader_map.md and common_mp strict validation through Fx asset 5558","Top-level and nested XModel/Weapon PhysCollmap loader implemented through PhysGeomInfo, BrushWrapper, embedded cbrush_t, CBrushSide, CPlane, and byte adjacency payloads; emitter/compiler not implemented"
"XAnim","asset","XAnim","","0x58","LoaderProven","TRUE","FALSE","FALSE","","FastFile/FastFile.Loaders/Assets/XAnim/XAnimPartsLoader.cs","FastFile/FastFile.Models/Assets/XAnim/XAnimPartsAsset.cs","xanim_loader_map.md and common_mp strict validation through asset 5546","Top-level root and nested delta loader body implemented; later common_mp delta-heavy coverage remains blocked behind inline PhysCollmap in Fx/XModel asset 5558; emitter/compiler not implemented"
"XModelSurfs","asset","XModelSurfs","","0x24","Open","FALSE","FALSE","FALSE","","FastFile/FastFile.Loaders/Assets/Weapon/WeaponLoader.cs","FastFile/FastFile.Models/Assets/Weapon/WeaponChildAssets.cs","Recursive weapon loader evidence only","Top-level asset loader not implemented"
"XModel","asset","XModel","","0x120","LoaderProven","TRUE","FALSE","FALSE","","FastFile/FastFile.Loaders/Assets/XModel/XModelLoader.cs","FastFile/FastFile.Models/Assets/XModel/XModelAsset.cs","xmodel_loader_map.md and common_mp strict validation through unsupported XAnim at asset 5546","Top-level and nested Fx visual XModel loader implemented; emitter/compiler not implemented"
"Material","asset","Material","","0xA8","LoaderProven","TRUE","FALSE","FALSE","","FastFile/FastFile.Loaders/Assets/Material/MaterialLoader.cs","FastFile/FastFile.Models/Assets/Material/MaterialAsset.cs","material_nested_stream_map.md and patch_mp strict validation","Model is still mostly shell; recursive children are not compiler-ready"
"PixelShader","asset","PixelShader","","","Open","FALSE","FALSE","FALSE","","","","XAssetType slot known","Handled only as nested shader shell in techset/material paths"
"VertexShader","asset","VertexShader","","","Open","FALSE","FALSE","FALSE","","","","XAssetType slot known","Handled only as nested shader shell in techset/material paths"
"Techset","asset","Techset","","0x9C","LoaderProven","TRUE","FALSE","FALSE","","FastFile/FastFile.Loaders/Assets/TechniqueSet/MaterialTechniqueSetLoader.cs","FastFile/FastFile.Models/Assets/TechniqueSet/MaterialTechniqueSetAsset.cs","techset_nested_stream_map.md and patch_mp strict validation","Emitter not implemented"
"Image","asset","Image","","0x50","Open","FALSE","FALSE","FALSE","","FastFile/FastFile.Loaders/Assets/Material/MaterialLoader.cs","FastFile/FastFile.Models/Assets/Weapon/WeaponChildAssets.cs","Nested material/weapon paths only","Top-level GfxImage asset loader and payload compiler not implemented"
"Sound","asset","Sound","","0x0C","LoaderProven","TRUE","FALSE","FALSE","","FastFile/FastFile.Loaders/Assets/Sound/SoundAliasListLoader.cs","FastFile/FastFile.Models/Assets/Sound/SoundAliasListAsset.cs","sound_loader_map.md and common_mp strict validation through unsupported Fx at asset 5528","snd_alias_list_t, snd_alias_t, SoundFile, SpeakerMap, SndCurve, and LoadedSound loader flow implemented; emitter/compiler not implemented"
"SndCurve","asset","SndCurve","","0x88","LoaderProven","TRUE","FALSE","FALSE","","FastFile/FastFile.Loaders/Assets/Sound/SoundAliasListLoader.cs","FastFile/FastFile.Models/Assets/Sound/SoundAliasListAsset.cs","sound_loader_map.md and common_mp strict validation through unsupported Fx at asset 5528","Nested Sound loader implementation only; emitter/compiler not implemented"
"LoadedSound","asset","LoadedSound","","0x1C","LoaderProven","TRUE","FALSE","FALSE","","FastFile/FastFile.Loaders/Assets/Sound/SoundAliasListLoader.cs","FastFile/FastFile.Models/Assets/Sound/SoundAliasListAsset.cs","sound_loader_map.md and common_mp strict validation through unsupported Fx at asset 5528","Nested Sound loader handles seek table and PHYSICAL payload; emitter/compiler not implemented"
"ColMapSp","asset","ColMapSp","","","Open","FALSE","FALSE","FALSE","","","","XAssetType slot known","No active new loader/model implementation"
"ColMapMp","asset","ColMapMp","","","Open","FALSE","FALSE","FALSE","","","","XAssetType slot known","No active new loader/model implementation"
"ComMap","asset","ComMap","","0x10","LoaderProven","TRUE","FALSE","FALSE","","FastFile/FastFile.Loaders/Assets/ComWorld/ComWorldLoader.cs","FastFile/FastFile.Models/Assets/ComWorld/ComWorldAsset.cs","comworld_loader_map.md, EBOOT 0x104d48/0x104cb0/0x104c20/0x104b68, and mp_boneyard.ff asset 110 validation","Top-level ComWorld/ComMap loader implemented; ComPrimaryLight array stride 0x44 with defName XString at +0x40; emitter/compiler not implemented"
"GameMapSp","asset","GameMapSp","","","Open","FALSE","FALSE","FALSE","","","","XAssetType slot known","No active new loader/model implementation"
"GameMapMp","asset","GameMapMp","","","Open","FALSE","FALSE","FALSE","","","","XAssetType slot known","No active new loader/model implementation"
"MapEnts","asset","MapEnts","","","Open","FALSE","FALSE","FALSE","","","","XAssetType slot known","No active new loader/model implementation"
"FxMap","asset","FxMap","","0x74 root plus FxGlassSystem 0x70","LoaderProven","TRUE","FALSE","FALSE","","FastFile/FastFile.Loaders/Assets/FxMap/FxWorldLoader.cs","FastFile/FastFile.Models/Assets/FxMap/FxWorldAsset.cs","fxmap_loader_map.md, EBOOT/default_mp 0x10fee0/0x10fe70/0x10faa0, mp_boneyard.ff asset 111 validation through following LightDef/Techset boundary","Top-level FxWorld/FxMap and recursive FxGlassSystem loader implemented; FxGlass RUNTIME arrays are loader-proven reservations/zero-fill and do not consume source bytes; emitter/compiler not implemented"
"GfxMap","asset","GfxMap","","","Open","FALSE","FALSE","FALSE","","","","XAssetType slot known","No active new loader/model implementation"
"LightDef","asset","LightDef","","0x10","LoaderProven","TRUE","FALSE","FALSE","","FastFile/FastFile.Loaders/Assets/LightDef/LightDefLoader.cs","FastFile/FastFile.Models/Assets/LightDef/LightDefAsset.cs","lightdef_loader_map.md, EBOOT 0x108a10/0x1089a0/0x108958/0x108570, and common_mp strict validation through all 10091 assets","Top-level LightDef loader implemented with name XString, alias-cell GfxImage child, GfxLightImage.samplerState, pad09To0B, lmapLookupStart, and recursive GfxImage root/payload loader; emitter/compiler not implemented"
"UiMap","asset","UiMap","","","Open","FALSE","FALSE","FALSE","","","","XAssetType slot known","No active new loader/model implementation"
"Font","asset","Font","","0x18","LoaderProven","TRUE","FALSE","FALSE","","FastFile/FastFile.Loaders/Assets/Font/FontLoader.cs","FastFile/FastFile.Models/Assets/Font/FontAsset.cs","font_loader_map.md and common_mp asset[492] validation","PS3 root/wrapper/child order proven; glyph field semantics are IW-family correlated; no emitter/compiler yet"
"MenuFile","asset","MenuFile","","0x0C","LoaderProven","TRUE","FALSE","FALSE","FastFile/FastFile.Models/Assets/Menu/MenuFileCodecContracts.cs","FastFile/FastFile.Loaders/Assets/Menu/MenuFileLoader.cs","FastFile/FastFile.Models/Assets/Menu/MenuFileAsset.cs","menu_loader_tree.md and patch_mp strict validation; recursive emitted payload reload validation","Recursive menu-owned emitter exists through ItemDef/events/statements/typedata; non-null Material/SoundAlias external references need linker alias-cell emission before EmitterReady"
"Menu","asset","Menu","","0x2F0","Open","FALSE","FALSE","FALSE","","FastFile/FastFile.Loaders/Assets/Menu/MenuFileLoader.cs","FastFile/FastFile.Models/Assets/Menu/MenuDefAsset.cs","XAssetType slot known","Current dispatcher does not load top-level Menu assets; nested MenuDef is loader-proven"
"Localize","asset","Localize","","0x08","EmitterReady","TRUE","TRUE","FALSE","FastFile/FastFile.Models/Assets/Localize/LocalizeCodecContracts.cs","FastFile/FastFile.Loaders/Assets/Localize/LocalizeLoader.cs","FastFile/FastFile.Models/Assets/Localize/LocalizeAsset.cs","patch_mp strict validation; emitted payload reload validation","Compiler/linker layer still needs top-level XAssetList wrapping"
"Weapon","asset","Weapon","","0x74 root plus WeaponDef 0x684","LoaderProven","TRUE","FALSE","FALSE","FastFile/FastFile.Models/Assets/Weapon/WeaponCodecContracts.cs","FastFile/FastFile.Loaders/Assets/Weapon/WeaponLoader.cs","FastFile/FastFile.Models/Assets/Weapon/WeaponAsset.cs","PS3 weapon traces and patch_mp strict validation; recursive emitted weapon-owned payload reload validation","Recursive weapon-owned emitter exists for Variant/WeaponDef strings, scalar root islands, arrays, and sound-alias custom cells; non-null Material/Fx/XModel/Tracer/GfxImage references need linker alias/direct references before EmitterReady"
"SndDriverGlobals","asset","SndDriverGlobals","","","Open","FALSE","FALSE","FALSE","","","","XAssetType slot known","No active new loader/model implementation"
"Fx","asset","Fx","","0x20 root","LoaderProven","TRUE","FALSE","FALSE","","FastFile/FastFile.Loaders/Assets/Fx/FxEffectDefLoader.cs","FastFile/FastFile.Models/Assets/Fx/FxEffectDefAsset.cs","fx_loader_map.md and common_mp strict validation through unsupported XAnim at asset 5546","Top-level Fx asset loader implemented with material, sound, runner, decal, extended, and XModel visual consumers; emitter/compiler not implemented"
"ImpactFx","asset","ImpactFx","","0x08 root plus 15 * 0x8C entries","LoaderProven","TRUE","FALSE","FALSE","","FastFile/FastFile.Loaders/Assets/ImpactFx/FxImpactTableLoader.cs","FastFile/FastFile.Models/Assets/ImpactFx/FxImpactTableAsset.cs","EBOOT 0x114180/0x1140e8/0x114060/0x113f90/0x113f08 and common_mp strict validation through asset 9665","Top-level ImpactFx table loader implemented; entries resolve two FxEffectDef pointer bands (31 + 4) through the PS3 Fx pointer wrapper; emitter/compiler not implemented"
"AiType","asset","AiType","","","Open","FALSE","FALSE","FALSE","","","","XAssetType slot known","No active new loader/model implementation"
"MpType","asset","MpType","","","Open","FALSE","FALSE","FALSE","","","","XAssetType slot known","No active new loader/model implementation"
"Character","asset","Character","","","Open","FALSE","FALSE","FALSE","","","","XAssetType slot known","No active new loader/model implementation"
"XModelAlias","asset","XModelAlias","","","Open","FALSE","FALSE","FALSE","","","","XAssetType slot known","No active new loader/model implementation"
"RawFile","asset","RawFile","","0x10","EmitterReady","TRUE","TRUE","FALSE","FastFile/FastFile.Models/Assets/RawFile/RawFileCodecContracts.cs","FastFile/FastFile.Loaders/Assets/RawFile/RawFileLoader.cs","FastFile/FastFile.Models/Assets/RawFile/RawFileAsset.cs","patch_mp strict validation; emitted payload reload validation","Compiler/linker layer still needs top-level XAssetList wrapping"
"StringTable","asset","StringTable","","0x10","EmitterReady","TRUE","TRUE","FALSE","FastFile/FastFile.Models/Assets/StringTable/StringTableCodecContracts.cs","FastFile/FastFile.Loaders/Assets/StringTable/StringTableLoader.cs","FastFile/FastFile.Models/Assets/StringTable/StringTableAsset.cs","patch_mp strict validation; emitted payload reload validation","Compiler/linker layer still needs top-level XAssetList wrapping"
"LeaderboardDef","asset","LeaderboardDef","","","Open","FALSE","FALSE","FALSE","","","","XAssetType slot known","No active new loader/model implementation"
"StructuredDataDef","asset","StructuredDataDef","","0x0C","EmitterReady","TRUE","TRUE","FALSE","FastFile/FastFile.Models/Assets/StructuredData/StructuredDataCodecContracts.cs","FastFile/FastFile.Loaders/Assets/StructuredData/StructuredDataDefSetLoader.cs","FastFile/FastFile.Models/Assets/StructuredData/StructuredDataDefSetAsset.cs","patch_mp strict validation; emitted payload reload validation","Compiler/linker layer still needs top-level XAssetList wrapping and semantic edit rules"
"Tracer","asset","Tracer","","0x70","Open","FALSE","FALSE","FALSE","","FastFile/FastFile.Loaders/Assets/Weapon/WeaponLoader.cs","FastFile/FastFile.Models/Assets/Weapon/WeaponChildAssets.cs","Nested weapon path only","Top-level Tracer asset loader not implemented"
"Vehicle","asset","Vehicle","","0x2D0","LoaderProven","TRUE","FALSE","FALSE","","FastFile/FastFile.Loaders/Assets/Vehicle/VehicleDefLoader.cs","FastFile/FastFile.Models/Assets/Vehicle/VehicleDefAsset.cs","EBOOT 0x1158d0/0x115678/0x107220/0x107108 plus common_mp strict validation through Vehicle assets","Top-level VehicleDef loader implemented with EBOOT child order; VehiclePhysDef embedded loader, PhysPreset/Weapon/Material aliases, embedded ScriptString[4], direct SndAliasCustomName fields, and embedded SndAliasCustomName[31] surface table are loader-proven; emitter/compiler not implemented"
"AddonMapEnts","asset","AddonMapEnts","","","Open","FALSE","FALSE","FALSE","","","","XAssetType slot known","No active new loader/model implementation"
"XAssetList","struct","","zone","0x10","LoaderProven","TRUE","FALSE","FALSE","","FastFile/FastFile.Loaders/Assets/XAssetListReader.cs","FastFile/FastFile.Models/Zone/XAssetListSnapshot.cs","xassetlist_scriptstrings_1108f8.txt and patch_mp strict validation","Emitter must rebuild script string table and asset table"
"XAssetEntry","struct","","zone","0x08","LoaderProven","TRUE","FALSE","FALSE","","FastFile/FastFile.Loaders/Assets/XAssetListReader.cs","FastFile/FastFile.Models/Zone/XAsset.cs","xasset_dispatch traces","Alias-cell top-level asset pointer handling is loader-proven"
"ScriptStringTable","struct","","zone","dynamic","LoaderProven","TRUE","FALSE","FALSE","","FastFile/FastFile.Loaders/Assets/XAssetListReader.cs","FastFile/FastFile.Models/Zone/XAssetListSnapshot.cs","xassetlist_scriptstrings_1108f8.txt","Compiler must allocate indices before emitting ScriptString fields"
"MenuFileRoot","struct","MenuFile","MenuFile","0x0C","LoaderProven","TRUE","FALSE","FALSE","FastFile/FastFile.Models/Assets/Menu/MenuFileCodecContracts.cs","FastFile/FastFile.Loaders/Assets/Menu/MenuFileLoader.cs","FastFile/FastFile.Models/Assets/Menu/MenuFileAsset.cs","menu_loader_tree.md; recursive emitted payload reload validation","Contains name XString count and direct menu pointer table; recursive emitter exists"
"MenuDefAsset","struct","MenuFile","MenuFile","0x2F0","LoaderProven","TRUE","FALSE","FALSE","FastFile/FastFile.Models/Assets/Menu/MenuFileCodecContracts.cs","FastFile/FastFile.Loaders/Assets/Menu/MenuFileLoader.cs","FastFile/FastFile.Models/Assets/Menu/MenuDefAsset.cs","menu_loader_tree.md; recursive emitted payload reload validation","Recursive emitter handles menu-owned children; non-null material references still require linker support"
"WindowDef","struct","MenuFile","MenuDefAsset ItemDefAsset","0xB0","LoaderProven","TRUE","FALSE","FALSE","FastFile/FastFile.Models/Assets/Menu/WindowDefContract.cs","FastFile/FastFile.Loaders/Assets/Menu/MenuFileLoader.cs","FastFile/FastFile.Models/Assets/Menu/WindowDef.cs","windowdef_loader_map.md; recursive emitted payload reload validation","Emitter handles inline name/group and null background; non-null background material alias-cell remains open for emission"
"RectangleDef","struct","MenuFile","WindowDef ItemDefAsset","0x14","LoaderProven","TRUE","FALSE","FALSE","FastFile/FastFile.Models/Assets/Menu/WindowDefContract.cs","FastFile/FastFile.Loaders/Assets/Menu/MenuFileLoader.cs","FastFile/FastFile.Models/Assets/Menu/WindowDef.cs","rectangledef_loader_map.md","Contract exists"
"MenuTransition","struct","MenuFile","MenuDefAsset","0x1C","LoaderProven","TRUE","FALSE","FALSE","FastFile/FastFile.Models/Assets/Menu/MenuFileCodecContracts.cs","FastFile/FastFile.Loaders/Assets/Menu/MenuFileLoader.cs","FastFile/FastFile.Models/Assets/Menu/MenuTransition.cs","menu_transition_ps3.md; recursive emitted payload reload validation","TargetField semantic is partially correlated; emitted inside MenuDef"
"ItemDefAsset","struct","MenuFile","MenuDefAsset","0x1CC","LoaderProven","TRUE","FALSE","FALSE","","FastFile/FastFile.Loaders/Assets/Menu/MenuFileLoader.cs","FastFile/FastFile.Models/Assets/Menu/ItemDefAsset.cs","itemdef_typedata_union_ps3.md and menu graphs; recursive emitted payload reload validation","Recursive emitter handles menu-owned children and typedata branches; FocusSound external reference remains blocked"
"ItemDefData","struct","MenuFile","ItemDefAsset","0x04","LoaderProven","TRUE","FALSE","FALSE","","FastFile/FastFile.Loaders/Assets/Menu/MenuFileLoader.cs","FastFile/FastFile.Models/Assets/Menu/ItemDefData.cs","itemdef_typedata_union_ps3.md; recursive emitted payload reload validation","Union pointer wrapper; recursive emitter branches by ItemDef type"
"MenuEventHandlerSet","struct","MenuFile","MenuDefAsset ItemDefAsset ConditionalScript","0x08","LoaderProven","TRUE","FALSE","FALSE","","FastFile/FastFile.Loaders/Assets/Menu/MenuFileLoader.cs","FastFile/FastFile.Models/Assets/Menu/MenuEventHandlerSet.cs","menu_event_handlers_ps3.md; recursive emitted payload reload validation","Event pointer table elements are direct; recursive emitter exists"
"MenuEventHandler","struct","MenuFile","MenuEventHandlerSet","0x08","LoaderProven","TRUE","FALSE","FALSE","","FastFile/FastFile.Loaders/Assets/Menu/MenuFileLoader.cs","FastFile/FastFile.Models/Assets/Menu/MenuEventHandler.cs","menu_event_handlers_ps3.md; recursive emitted payload reload validation","EventData union emitted by EventType"
"EventData","struct","MenuFile","MenuEventHandler","0x04","LoaderProven","TRUE","FALSE","FALSE","","FastFile/FastFile.Loaders/Assets/Menu/MenuFileLoader.cs","FastFile/FastFile.Models/Assets/Menu/EventData.cs","menu_event_handlers_ps3.md; recursive emitted payload reload validation","Union pointer cell emitted by MenuEventHandler branch"
"ConditionalScript","struct","MenuFile","EventData","0x08","LoaderProven","TRUE","FALSE","FALSE","","FastFile/FastFile.Loaders/Assets/Menu/MenuFileLoader.cs","FastFile/FastFile.Models/Assets/Menu/ConditionalScript.cs","menu_event_handlers_ps3.md; recursive emitted payload reload validation","Contains handler set and expression pointers; recursive emitter exists"
"SetLocalVarData","struct","MenuFile","EventData","0x08","LoaderProven","TRUE","FALSE","FALSE","","FastFile/FastFile.Loaders/Assets/Menu/MenuFileLoader.cs","FastFile/FastFile.Models/Assets/Menu/SetLocalVarData.cs","menu_event_handlers_ps3.md; recursive emitted payload reload validation","Contains local var XString and expression pointer; recursive emitter exists"
"ItemKeyHandler","struct","MenuFile","MenuDefAsset ItemDefAsset","0x0C","LoaderProven","TRUE","FALSE","FALSE","","FastFile/FastFile.Loaders/Assets/Menu/MenuFileLoader.cs","FastFile/FastFile.Models/Assets/Menu/ItemKeyHandler.cs","item_keyhandler_listbox_ps3.md; recursive emitted payload reload validation","Linked list next pointer direct; recursive emitter exists"
"Statement","struct","MenuFile","Menu expressions","0x18","LoaderProven","TRUE","FALSE","FALSE","","FastFile/FastFile.Loaders/Assets/Menu/MenuFileLoader.cs","FastFile/FastFile.Models/Assets/Menu/Statement.cs","statement_expression_ps3.md; recursive emitted payload reload validation","Runtime cache fields are modeled; recursive emitter exists"
"ExpressionEntry","struct","MenuFile","Statement","0x0C","LoaderProven","TRUE","FALSE","FALSE","","FastFile/FastFile.Loaders/Assets/Menu/MenuFileLoader.cs","FastFile/FastFile.Models/Assets/Menu/Statement.cs","statement_expression_ps3.md; recursive emitted payload reload validation","Operand string/function branches emitted"
"Operand","struct","MenuFile","ExpressionEntry Statement","0x08","LoaderProven","TRUE","FALSE","FALSE","","FastFile/FastFile.Loaders/Assets/Menu/MenuFileLoader.cs","FastFile/FastFile.Models/Assets/Menu/Operand.cs","operation_enum_ps3.md; recursive emitted payload reload validation","Contains int float string or function union; recursive emitter exists"
"ExpressionSupportingData","struct","MenuFile","Statement MenuDefAsset","0x18","LoaderProven","TRUE","FALSE","FALSE","","FastFile/FastFile.Loaders/Assets/Menu/MenuFileLoader.cs","FastFile/FastFile.Models/Assets/Menu/ExpressionSupportingData.cs","statement_expression_ps3.md; recursive emitted payload reload validation","Contains UIFunctionList StaticDvarList StringList; recursive emitter exists"
"UIFunctionList","struct","MenuFile","ExpressionSupportingData","0x08","LoaderProven","TRUE","FALSE","FALSE","","FastFile/FastFile.Loaders/Assets/Menu/MenuFileLoader.cs","FastFile/FastFile.Models/Assets/Menu/StaticDvar.cs","statement_expression_ps3.md; recursive emitted payload reload validation","Function pointer table elements are direct; recursive emitter exists"
"StaticDvarList","struct","MenuFile","ExpressionSupportingData","0x08","LoaderProven","TRUE","FALSE","FALSE","","FastFile/FastFile.Loaders/Assets/Menu/MenuFileLoader.cs","FastFile/FastFile.Models/Assets/Menu/StaticDvar.cs","statement_expression_ps3.md; recursive emitted payload reload validation","Static dvar pointer table elements are direct; recursive emitter exists"
"StringList","struct","MenuFile","ExpressionSupportingData","0x08","LoaderProven","TRUE","FALSE","FALSE","","FastFile/FastFile.Loaders/Assets/Menu/MenuFileLoader.cs","FastFile/FastFile.Models/Assets/Menu/StaticDvar.cs","statement_expression_ps3.md; recursive emitted payload reload validation","String pointer table elements are direct; recursive emitter exists"
"StaticDvar","struct","MenuFile","StaticDvarList","0x08","LoaderProven","TRUE","FALSE","FALSE","","FastFile/FastFile.Loaders/Assets/Menu/MenuFileLoader.cs","FastFile/FastFile.Models/Assets/Menu/StaticDvar.cs","statement_expression_ps3.md; recursive emitted payload reload validation","Runtime dvar handle remains null-only; dvar name string emitted"
"ExpressionString","struct","MenuFile","Operand","0x04","LoaderProven","TRUE","FALSE","FALSE","","FastFile/FastFile.Loaders/Assets/Menu/MenuFileLoader.cs","FastFile/FastFile.Models/Assets/Menu/ExpressionString.cs","statement_expression_ps3.md","String expression wrapper"
"EditFieldDef","struct","MenuFile","ItemDefData","0x20","LoaderProven","TRUE","FALSE","FALSE","","FastFile/FastFile.Loaders/Assets/Menu/MenuFileLoader.cs","FastFile/FastFile.Models/Assets/Menu/EditFieldDef.cs","itemdef_typedata_union_ps3.md; recursive emitted payload reload validation","Typedata branch emitted"
"ListBoxDef","struct","MenuFile","ItemDefData","0x158","LoaderProven","TRUE","FALSE","FALSE","","FastFile/FastFile.Loaders/Assets/Menu/MenuFileLoader.cs","FastFile/FastFile.Models/Assets/Menu/ListBoxDef.cs","item_keyhandler_listbox_ps3.md; recursive emitted payload reload validation","Emitter handles DoubleClick and null SelectIcon; non-null SelectIcon material alias-cell remains open"
"ColumnInfo","struct","MenuFile","ListBoxDef","0x10","LoaderProven","TRUE","FALSE","FALSE","","FastFile/FastFile.Loaders/Assets/Menu/MenuFileLoader.cs","FastFile/FastFile.Models/Assets/Menu/ListBoxDef.cs","item_keyhandler_listbox_ps3.md; recursive emitted payload reload validation","Fixed 16-entry listbox array emitted"
"MultiDef","struct","MenuFile","ItemDefData","0x188","LoaderProven","TRUE","FALSE","FALSE","","FastFile/FastFile.Loaders/Assets/Menu/MenuFileLoader.cs","FastFile/FastFile.Models/Assets/Menu/MultiDef.cs","itemdef_typedata_union_ps3.md; recursive emitted payload reload validation","Contains fixed 32-entry arrays; recursive emitter exists"
"NewsTickerDef","struct","MenuFile","ItemDefData","0x1C","LoaderProven","TRUE","FALSE","FALSE","","FastFile/FastFile.Loaders/Assets/Menu/MenuFileLoader.cs","FastFile/FastFile.Models/Assets/Menu/NewsTickerDef.cs","itemdef_typedata_union_ps3.md; recursive emitted payload reload validation","Typedata branch emitted"
"TextScrollDef","struct","MenuFile","ItemDefData","0x04","LoaderProven","TRUE","FALSE","FALSE","","FastFile/FastFile.Loaders/Assets/Menu/MenuFileLoader.cs","FastFile/FastFile.Models/Assets/Menu/TextScrollDef.cs","itemdef_typedata_union_ps3.md; recursive emitted payload reload validation","Typedata branch emitted"
"ItemFloatExpression","struct","MenuFile","ItemDefAsset","0x08","LoaderProven","TRUE","FALSE","FALSE","","FastFile/FastFile.Loaders/Assets/Menu/MenuFileLoader.cs","FastFile/FastFile.Models/Assets/Menu/ItemFloatExpression.cs","menu_item_scalar_consumers_ps3.md; recursive emitted payload reload validation","Direct counted array emitted with recursive Statement child"
"SoundAliasListAsset","struct","MenuFile Weapon","ItemDefAsset WeaponDef","shell","Open","FALSE","FALSE","FALSE","","FastFile/FastFile.Loaders/Assets/Menu/MenuFileLoader.cs","FastFile/FastFile.Models/Assets/Menu/ItemDefAsset.cs","Current model shell","Needs real snd_alias_list_t contract before compiler-ready"
"LocalizeAssetRoot","struct","Localize","Localize","0x08","EmitterReady","TRUE","TRUE","FALSE","FastFile/FastFile.Models/Assets/Localize/LocalizeCodecContracts.cs","FastFile/FastFile.Loaders/Assets/Localize/LocalizeLoader.cs","FastFile/FastFile.Models/Assets/Localize/LocalizeAsset.cs","patch_mp strict validation; emitted payload reload validation","Two required direct inline XStrings"
"RawFileRoot","struct","RawFile","RawFile","0x10","EmitterReady","TRUE","TRUE","FALSE","FastFile/FastFile.Models/Assets/RawFile/RawFileCodecContracts.cs","FastFile/FastFile.Loaders/Assets/RawFile/RawFileLoader.cs","FastFile/FastFile.Models/Assets/RawFile/RawFileAsset.cs","patch_mp strict validation; emitted payload reload validation","Required direct inline XString and byte buffer; buffer length depends on compressedLen"
"StringTableRoot","struct","StringTable","StringTable","0x10","EmitterReady","TRUE","TRUE","FALSE","FastFile/FastFile.Models/Assets/StringTable/StringTableCodecContracts.cs","FastFile/FastFile.Loaders/Assets/StringTable/StringTableLoader.cs","FastFile/FastFile.Models/Assets/StringTable/StringTableAsset.cs","patch_mp strict validation; emitted payload reload validation","Name XString and direct counted cell array"
"StringTableCell","struct","StringTable","StringTableRoot","0x08","EmitterReady","TRUE","TRUE","FALSE","FastFile/FastFile.Models/Assets/StringTable/StringTableCodecContracts.cs","FastFile/FastFile.Loaders/Assets/StringTable/StringTableLoader.cs","FastFile/FastFile.Models/Assets/StringTable/StringTableAsset.cs","patch_mp strict validation; emitted payload reload validation","Direct inline XString plus hash"
"StructuredDataDefSetAsset","struct","StructuredDataDef","StructuredDataDef","0x0C","EmitterReady","TRUE","TRUE","FALSE","FastFile/FastFile.Models/Assets/StructuredData/StructuredDataCodecContracts.cs","FastFile/FastFile.Loaders/Assets/StructuredData/StructuredDataDefSetLoader.cs","FastFile/FastFile.Models/Assets/StructuredData/StructuredDataDefSetAsset.cs","patch_mp strict validation; emitted payload reload validation","Root asset struct; name XString and direct counted def array"
"StructuredDataDef","struct","StructuredDataDef","StructuredDataDefSetAsset","0x34","EmitterReady","TRUE","TRUE","FALSE","FastFile/FastFile.Models/Assets/StructuredData/StructuredDataCodecContracts.cs","FastFile/FastFile.Loaders/Assets/StructuredData/StructuredDataDefSetLoader.cs","FastFile/FastFile.Models/Assets/StructuredData/StructuredDataDefSetAsset.cs","patch_mp strict validation; emitted payload reload validation","Nested enum/struct/indexed-array/enumed-array tables are direct counted arrays"
"StructuredDataEnum","struct","StructuredDataDef","StructuredDataDef","0x0C","EmitterReady","TRUE","TRUE","FALSE","FastFile/FastFile.Models/Assets/StructuredData/StructuredDataCodecContracts.cs","FastFile/FastFile.Loaders/Assets/StructuredData/StructuredDataDefSetLoader.cs","FastFile/FastFile.Models/Assets/StructuredData/StructuredDataDefSetAsset.cs","patch_mp strict validation; emitted payload reload validation","Entries are a direct counted array"
"StructuredDataEnumEntry","struct","StructuredDataDef","StructuredDataEnum","0x08","EmitterReady","TRUE","TRUE","FALSE","FastFile/FastFile.Models/Assets/StructuredData/StructuredDataCodecContracts.cs","FastFile/FastFile.Loaders/Assets/StructuredData/StructuredDataDefSetLoader.cs","FastFile/FastFile.Models/Assets/StructuredData/StructuredDataDefSetAsset.cs","patch_mp strict validation; emitted payload reload validation","Direct XString plus index and padding"
"StructuredDataStruct","struct","StructuredDataDef","StructuredDataDef","0x10","EmitterReady","TRUE","TRUE","FALSE","FastFile/FastFile.Models/Assets/StructuredData/StructuredDataCodecContracts.cs","FastFile/FastFile.Loaders/Assets/StructuredData/StructuredDataDefSetLoader.cs","FastFile/FastFile.Models/Assets/StructuredData/StructuredDataDefSetAsset.cs","patch_mp strict validation; emitted payload reload validation","Properties are a direct counted array"
"StructuredDataStructProperty","struct","StructuredDataDef","StructuredDataStruct","0x10","EmitterReady","TRUE","TRUE","FALSE","FastFile/FastFile.Models/Assets/StructuredData/StructuredDataCodecContracts.cs","FastFile/FastFile.Loaders/Assets/StructuredData/StructuredDataDefSetLoader.cs","FastFile/FastFile.Models/Assets/StructuredData/StructuredDataDefSetAsset.cs","patch_mp strict validation; emitted payload reload validation","Direct XString name plus StructuredDataType"
"StructuredDataIndexedArray","struct","StructuredDataDef","StructuredDataDef","0x10","EmitterReady","TRUE","TRUE","FALSE","FastFile/FastFile.Models/Assets/StructuredData/StructuredDataCodecContracts.cs","FastFile/FastFile.Loaders/Assets/StructuredData/StructuredDataDefSetLoader.cs","FastFile/FastFile.Models/Assets/StructuredData/StructuredDataDefSetAsset.cs","patch_mp strict validation; emitted payload reload validation","Contains inline StructuredDataType"
"StructuredDataEnumedArray","struct","StructuredDataDef","StructuredDataDef","0x10","EmitterReady","TRUE","TRUE","FALSE","FastFile/FastFile.Models/Assets/StructuredData/StructuredDataCodecContracts.cs","FastFile/FastFile.Loaders/Assets/StructuredData/StructuredDataDefSetLoader.cs","FastFile/FastFile.Models/Assets/StructuredData/StructuredDataDefSetAsset.cs","patch_mp strict validation; emitted payload reload validation","Contains inline StructuredDataType"
"StructuredDataType","struct","StructuredDataDef","StructuredData nested structs","0x08","EmitterReady","TRUE","TRUE","FALSE","FastFile/FastFile.Models/Assets/StructuredData/StructuredDataCodecContracts.cs","FastFile/FastFile.Loaders/Assets/StructuredData/StructuredDataDefSetLoader.cs","FastFile/FastFile.Models/Assets/StructuredData/StructuredDataDefSetAsset.cs","patch_mp strict validation; emitted payload reload validation","Enum plus union value"
"MaterialTechniqueSetAsset","struct","Techset Material","MaterialTechniqueSet","0x9C","LoaderProven","TRUE","FALSE","FALSE","","FastFile/FastFile.Loaders/Assets/TechniqueSet/MaterialTechniqueSetLoader.cs","FastFile/FastFile.Models/Assets/TechniqueSet/MaterialTechniqueSetAsset.cs","techset_nested_stream_map.md","Padding at +0x05..+0x07 is align-to-4"
"MaterialTechniqueSlot","struct","Techset Material","MaterialTechniqueSetAsset","0x04","LoaderProven","TRUE","FALSE","FALSE","","FastFile/FastFile.Loaders/Assets/TechniqueSet/MaterialTechniqueSetLoader.cs","FastFile/FastFile.Models/Assets/TechniqueSet/MaterialTechniqueSetAsset.cs","techset_nested_stream_map.md","37 fixed pointer slots"
"MaterialTechniqueAsset","struct","Techset Material","MaterialTechniqueSetAsset","0x08","LoaderProven","TRUE","FALSE","FALSE","","FastFile/FastFile.Loaders/Assets/TechniqueSet/MaterialTechniqueSetLoader.cs","FastFile/FastFile.Models/Assets/TechniqueSet/MaterialTechniqueSetAsset.cs","techset_nested_stream_map.md","Name flags passCount"
"MaterialPassAsset","struct","Techset Material","MaterialTechniqueAsset","0x18","LoaderProven","TRUE","FALSE","FALSE","","FastFile/FastFile.Loaders/Assets/TechniqueSet/MaterialTechniqueSetLoader.cs","FastFile/FastFile.Models/Assets/TechniqueSet/MaterialTechniqueSetAsset.cs","techset_nested_stream_map.md","VertexDecl direct; shaders alias-cell"
"MaterialVertexDeclarationAsset","struct","Techset Material","MaterialPassAsset","0x1C","LoaderProven","TRUE","FALSE","FALSE","","FastFile/FastFile.Loaders/Assets/TechniqueSet/MaterialTechniqueSetLoader.cs","FastFile/FastFile.Models/Assets/TechniqueSet/MaterialTechniqueSetAsset.cs","techset_nested_stream_map.md","Raw shell bytes only"
"MaterialShaderAsset.Vertex","struct","Techset Material","MaterialPassAsset","0x0C","LoaderProven","TRUE","FALSE","FALSE","","FastFile/FastFile.Loaders/Assets/TechniqueSet/MaterialTechniqueSetLoader.cs","FastFile/FastFile.Models/Assets/TechniqueSet/MaterialTechniqueSetAsset.cs","techset_nested_stream_map.md","Program bytecode pointer needs emitter support"
"MaterialShaderAsset.Pixel","struct","Techset Material","MaterialPassAsset","0x18","LoaderProven","TRUE","FALSE","FALSE","","FastFile/FastFile.Loaders/Assets/TechniqueSet/MaterialTechniqueSetLoader.cs","FastFile/FastFile.Models/Assets/TechniqueSet/MaterialTechniqueSetAsset.cs","techset_nested_stream_map.md","Program bytecode pointer needs emitter support"
"MaterialShaderArgumentAsset","struct","Techset Material","MaterialPassAsset","0x08","LoaderProven","TRUE","FALSE","FALSE","","FastFile/FastFile.Loaders/Assets/TechniqueSet/MaterialTechniqueSetLoader.cs","FastFile/FastFile.Models/Assets/TechniqueSet/MaterialTechniqueSetAsset.cs","techset_nested_stream_map.md","Literal float4 branch needs exact emitter handling"
"MaterialRoot","struct","Material","Material","0xA8","LoaderProven","TRUE","FALSE","FALSE","","FastFile/FastFile.Loaders/Assets/Material/MaterialLoader.cs","FastFile/FastFile.Models/Assets/Material/MaterialAsset.cs","material_nested_stream_map.md","Model currently shell; contract not yet added"
"MaterialInfo","struct","Material","MaterialRoot","0x18","LoaderProven","TRUE","FALSE","FALSE","","FastFile/FastFile.Loaders/Assets/Material/MaterialLoader.cs","","material_nested_stream_map.md","Loaded by material path but not modeled as dedicated class"
"MaterialRuntimeUshortPayload","struct","Material","MaterialRoot","0x4A","LoaderProven","TRUE","FALSE","FALSE","","FastFile/FastFile.Loaders/Assets/Material/MaterialLoader.cs","","material_nested_stream_map.md","37 ushort payload under RUNTIME"
"MaterialTextureDef","struct","Material","MaterialRoot","0x0C","LoaderProven","TRUE","FALSE","FALSE","","FastFile/FastFile.Loaders/Assets/Material/MaterialLoader.cs","","material_nested_stream_map.md","Includes GfxImage alias branch"
"MaterialConstantDef","struct","Material","MaterialRoot","0x20","LoaderProven","TRUE","FALSE","FALSE","","FastFile/FastFile.Loaders/Assets/Material/MaterialLoader.cs","","material_nested_stream_map.md","Aligned 16 in inline path"
"GfxStateBits","struct","Material","MaterialRoot","0x08","LoaderProven","TRUE","FALSE","FALSE","","FastFile/FastFile.Loaders/Assets/Material/MaterialLoader.cs","","material_nested_stream_map.md","Direct counted array"
"Water","struct","Material","MaterialTextureDef","0x48","LoaderProven","TRUE","FALSE","FALSE","","FastFile/FastFile.Loaders/Assets/Material/MaterialLoader.cs","","material_nested_stream_map.md","Water branch payload"
"GfxImageShell","struct","Material Weapon Image","MaterialTextureDef WeaponDef","0x50","LoaderProven","TRUE","FALSE","FALSE","","FastFile/FastFile.Loaders/Assets/Material/MaterialLoader.cs","FastFile/FastFile.Models/Assets/Weapon/WeaponChildAssets.cs","material_nested_stream_map.md and weapon loader evidence","Top-level image compiler not ready"
"WeaponVariantDef","struct","Weapon","Weapon","0x74","LoaderProven","TRUE","FALSE","FALSE","FastFile/FastFile.Models/Assets/Weapon/WeaponCodecContracts.cs","FastFile/FastFile.Loaders/Assets/Weapon/WeaponLoader.cs","FastFile/FastFile.Models/Assets/Weapon/WeaponAsset.cs","PS3 weapon loader evidence and patch_mp strict validation; recursive emitted payload reload validation","Emitter writes full root and owned XStrings/ScriptString arrays; Material icon refs remain linker-blocked"
"WeaponDef","struct","Weapon","WeaponVariantDef","0x684","LoaderProven","TRUE","FALSE","FALSE","FastFile/FastFile.Models/Assets/Weapon/WeaponCodecContracts.cs","FastFile/FastFile.Loaders/Assets/Weapon/WeaponLoader.cs","FastFile/FastFile.Models/Assets/Weapon/WeaponDef.cs","PS3 weapon loader evidence and patch_mp strict validation; recursive emitted payload reload validation","Emitter preserves explicit scalar root islands, owned XStrings, arrays, and sound-alias custom cells; external Material/Fx/XModel/Tracer/GfxImage refs remain blocked"
"WeaponNoteTrackMaps","struct","Weapon","WeaponDef","0x10 region","LoaderProven","TRUE","FALSE","FALSE","FastFile/FastFile.Models/Assets/Weapon/WeaponCodecContracts.cs","FastFile/FastFile.Loaders/Assets/Weapon/WeaponLoader.cs","FastFile/FastFile.Models/Assets/Weapon/WeaponFieldGroups.cs","runtime consumer tracing; emitted payload reload validation","Sound and rumble notify remap names proven"
"WeaponIconPointers","struct","Weapon","WeaponDef","0x14 region","LoaderProven","TRUE","FALSE","FALSE","FastFile/FastFile.Models/Assets/Weapon/WeaponCodecContracts.cs","FastFile/FastFile.Loaders/Assets/Weapon/WeaponLoader.cs","FastFile/FastFile.Models/Assets/Weapon/WeaponFieldGroups.cs","weapon loader evidence; emitted scalar reload validation","Material pointers alias-cell and remain linker-blocked when non-null"
"WeaponOverlayFields","struct","Weapon","WeaponDef","0x10C region","LoaderProven","TRUE","FALSE","FALSE","FastFile/FastFile.Models/Assets/Weapon/WeaponCodecContracts.cs","FastFile/FastFile.Loaders/Assets/Weapon/WeaponLoader.cs","FastFile/FastFile.Models/Assets/Weapon/WeaponFieldGroups.cs","cg_draw_reticles consumer tracing; emitted payload reload validation","Overlay strings/scalars emit; Material refs remain linker-blocked when non-null"
"WeaponProjectileFields","struct","Weapon","WeaponDef","region","LoaderProven","TRUE","FALSE","FALSE","FastFile/FastFile.Models/Assets/Weapon/WeaponCodecContracts.cs","FastFile/FastFile.Loaders/Assets/Weapon/WeaponLoader.cs","FastFile/FastFile.Models/Assets/Weapon/WeaponFieldGroups.cs","weapon loader evidence; emitted payload reload validation","Bounce floats and sound-alias custom cells emit; XModel/Fx refs remain linker-blocked"
"WeaponAccuracyFields","struct","Weapon","WeaponDef","region","LoaderProven","TRUE","FALSE","FALSE","FastFile/FastFile.Models/Assets/Weapon/WeaponCodecContracts.cs","FastFile/FastFile.Loaders/Assets/Weapon/WeaponLoader.cs","FastFile/FastFile.Models/Assets/Weapon/WeaponFieldGroups.cs","weapon loader evidence; emitted payload reload validation","Counts for graph arrays come from WeaponVariantDef"
"WeaponHintFields","struct","Weapon","WeaponDef","region","LoaderProven","TRUE","FALSE","FALSE","FastFile/FastFile.Models/Assets/Weapon/WeaponCodecContracts.cs","FastFile/FastFile.Loaders/Assets/Weapon/WeaponLoader.cs","FastFile/FastFile.Models/Assets/Weapon/WeaponFieldGroups.cs","runtime consumer tracing; emitted payload reload validation","UseHintString exact consumer remains weak"
"WeaponRumbleFields","struct","Weapon","WeaponDef","0x08 region","LoaderProven","TRUE","FALSE","FALSE","FastFile/FastFile.Models/Assets/Weapon/WeaponCodecContracts.cs","FastFile/FastFile.Loaders/Assets/Weapon/WeaponLoader.cs","FastFile/FastFile.Models/Assets/Weapon/WeaponFieldGroups.cs","weapon loader evidence; emitted payload reload validation","Runtime consumer still open"
"WeaponTurretFields","struct","Weapon","WeaponDef","region","LoaderProven","TRUE","FALSE","FALSE","FastFile/FastFile.Models/Assets/Weapon/WeaponCodecContracts.cs","FastFile/FastFile.Loaders/Assets/Weapon/WeaponLoader.cs","FastFile/FastFile.Models/Assets/Weapon/WeaponFieldGroups.cs","weapon loader evidence; emitted payload reload validation","Sound-alias custom cells emit; Fx refs remain linker-blocked"
"WeaponMissileConeSoundFields","struct","Weapon","WeaponDef","0x3C region","LoaderProven","TRUE","FALSE","FALSE","FastFile/FastFile.Models/Assets/Weapon/WeaponCodecContracts.cs","FastFile/FastFile.Loaders/Assets/Weapon/WeaponLoader.cs","FastFile/FastFile.Models/Assets/Weapon/WeaponFieldGroups.cs","weapon loader evidence; emitted payload reload validation","Scalar tail lacks clean PS3 MP consumer"
"WeaponTailFlags","struct","Weapon","WeaponDef","0x30","LoaderProven","TRUE","FALSE","FALSE","FastFile/FastFile.Models/Assets/Weapon/WeaponCodecContracts.cs","FastFile/FastFile.Loaders/Assets/Weapon/WeaponLoader.cs","FastFile/FastFile.Models/Assets/Weapon/WeaponTailFlags.cs","runtime consumer tracing; emitted payload reload validation","Some names correlated; +0x682..+0x683 padding"
"XModelAssetShell","struct","Weapon XModel","WeaponDef","0x120","LoaderProven","TRUE","FALSE","FALSE","","FastFile/FastFile.Loaders/Assets/Weapon/WeaponLoader.cs","FastFile/FastFile.Models/Assets/Weapon/WeaponChildAssets.cs","xmodel_loader_map.md and weapon loader path","Placement/pointer walk only; top-level compiler not ready"
"XModelLodInfo","struct","Weapon XModel","XModelAssetShell","0x28","LoaderProven","TRUE","FALSE","FALSE","","FastFile/FastFile.Loaders/Assets/Weapon/WeaponLoader.cs","","weapon loader path","Nested shell"
"XModelSurfsAssetShell","struct","Weapon XModelSurfs","XModelAssetShell","0x24","LoaderProven","TRUE","FALSE","FALSE","","FastFile/FastFile.Loaders/Assets/Weapon/WeaponLoader.cs","FastFile/FastFile.Models/Assets/Weapon/WeaponChildAssets.cs","weapon loader path","Nested shell; top-level asset open"
"XSurface","struct","Weapon XModelSurfs","XModelSurfsAssetShell","0x54","LoaderProven","TRUE","FALSE","FALSE","","FastFile/FastFile.Loaders/Assets/Weapon/WeaponLoader.cs","","weapon loader path","Raw/count payloads not compiler-ready"
"XSurfaceVertexInfo","struct","Weapon XModelSurfs","XSurface","0x0C","LoaderProven","TRUE","FALSE","FALSE","","FastFile/FastFile.Loaders/Assets/Weapon/WeaponLoader.cs","","weapon loader path","Nested shell"
"XRigidVertList","struct","Weapon XModelSurfs","XSurface","0x0C","LoaderProven","TRUE","FALSE","FALSE","","FastFile/FastFile.Loaders/Assets/Weapon/WeaponLoader.cs","","weapon loader path","Nested shell"
"XSurfaceCollisionTree","struct","Weapon XModelSurfs","XSurface","0x28","LoaderProven","TRUE","FALSE","FALSE","","FastFile/FastFile.Loaders/Assets/Weapon/WeaponLoader.cs","","weapon loader path","Nested shell"
"XSurfaceCollisionNode","struct","Weapon XModelSurfs","XSurfaceCollisionTree","0x10","LoaderProven","TRUE","FALSE","FALSE","","FastFile/FastFile.Loaders/Assets/Weapon/WeaponLoader.cs","","weapon loader path","Nested shell"
"XSurfaceCollisionLeaf","struct","Weapon XModelSurfs","XSurfaceCollisionTree","0x02","LoaderProven","TRUE","FALSE","FALSE","","FastFile/FastFile.Loaders/Assets/Weapon/WeaponLoader.cs","","weapon loader path","Nested shell"
"PhysPresetAssetShell","struct","Weapon PhysPreset","XModelAssetShell","0x2C","LoaderProven","TRUE","FALSE","FALSE","","FastFile/FastFile.Loaders/Assets/Weapon/WeaponLoader.cs","FastFile/FastFile.Models/Assets/Weapon/WeaponChildAssets.cs","weapon loader path","Recursive shell only"
"PhysCollmapAssetShell","struct","Weapon PhysCollmap","XModelAssetShell","0x48","LoaderProven","TRUE","FALSE","FALSE","","FastFile/FastFile.Loaders/Assets/Physics/PhysCollmapLoader.cs","FastFile/FastFile.Models/Assets/Physics/PhysCollmapAsset.cs","physcollmap_loader_map.md and common_mp strict validation through Fx asset 5558","Recursive loader implemented; name/geoms/mass/bounds and nested brush structures are loader-proven; emitter/compiler not implemented"
"PhysMass","struct","PhysCollmap","PhysCollmap","0x24","LoaderProven","TRUE","FALSE","FALSE","","FastFile/FastFile.Loaders/Assets/Physics/PhysCollmapLoader.cs","FastFile/FastFile.Models/Assets/Physics/PhysCollmapAsset.cs","physcollmap_loader_map.md","Fixed root payload: center of mass, moments of inertia, products of inertia; emitter/compiler not implemented"
"PhysGeomInfo","struct","PhysCollmap","PhysCollmap","0x44","LoaderProven","TRUE","FALSE","FALSE","","FastFile/FastFile.Loaders/Assets/Physics/PhysCollmapLoader.cs","FastFile/FastFile.Models/Assets/Physics/PhysCollmapAsset.cs","physcollmap_loader_map.md and common_mp strict validation through Fx asset 5558","Direct brush wrapper pointer plus type/orientation/bounds; type semantics remain open"
"BrushWrapper","struct","PhysCollmap","PhysGeomInfo","0x44","LoaderProven","TRUE","FALSE","FALSE","","FastFile/FastFile.Loaders/Assets/Physics/PhysCollmapLoader.cs","FastFile/FastFile.Models/Assets/Physics/PhysCollmapAsset.cs","physcollmap_loader_map.md and common_mp strict validation through Fx asset 5558","Bounds, embedded cbrush_t, totalEdgeCount, and direct CPlane array pointer"
"CBrush","struct","PhysCollmap","BrushWrapper","0x24","LoaderProven","TRUE","FALSE","FALSE","","FastFile/FastFile.Loaders/Assets/Physics/PhysCollmapLoader.cs","FastFile/FastFile.Models/Assets/Physics/PhysCollmapAsset.cs","physcollmap_loader_map.md and common_mp strict validation through Fx asset 5558","Embedded in BrushWrapper at +0x18; owns sides and baseAdjacentSide payloads"
"CBrushSide","struct","PhysCollmap","CBrush","0x08","LoaderProven","TRUE","FALSE","FALSE","","FastFile/FastFile.Loaders/Assets/Physics/PhysCollmapLoader.cs","FastFile/FastFile.Models/Assets/Physics/PhysCollmapAsset.cs","physcollmap_loader_map.md and common_mp strict validation through Fx asset 5558","Direct CPlane pointer plus material/adjacency bytes"
"CPlane","struct","PhysCollmap","BrushWrapper CBrushSide","0x14","LoaderProven","TRUE","FALSE","FALSE","","FastFile/FastFile.Loaders/Assets/Physics/PhysCollmapLoader.cs","FastFile/FastFile.Models/Assets/Physics/PhysCollmapAsset.cs","physcollmap_loader_map.md and common_mp strict validation through Fx asset 5558","Vec3 normal, dist, type, signBits, and pad bytes; signBits name is IW-correlated"
"FxEffectDefShell","struct","Weapon Fx","WeaponDef","0x20","LoaderProven","TRUE","FALSE","FALSE","","FastFile/FastFile.Loaders/Assets/Weapon/WeaponLoader.cs","FastFile/FastFile.Models/Assets/Weapon/WeaponChildAssets.cs","fx_loader_map.md and weapon loader path","Partial recursive graph"
"FxElemDef","struct","Weapon Fx","FxEffectDefShell","0xFC","LoaderProven","TRUE","FALSE","FALSE","","FastFile/FastFile.Loaders/Assets/Weapon/WeaponLoader.cs","","weapon loader path","Raw/count payloads and unions need semantic work"
"FxElemVelStateSample","struct","Weapon Fx","FxElemDef","0x60","LoaderProven","TRUE","FALSE","FALSE","","FastFile/FastFile.Loaders/Assets/Weapon/WeaponLoader.cs","","weapon loader path","Counted payload"
"FxElemVisStateSample","struct","Weapon Fx","FxElemDef","0x30","LoaderProven","TRUE","FALSE","FALSE","","FastFile/FastFile.Loaders/Assets/Weapon/WeaponLoader.cs","","weapon loader path","Counted payload"
"FxElemDefVisual","struct","Weapon Fx","FxElemDef","0x04","LoaderProven","TRUE","FALSE","FALSE","","FastFile/FastFile.Loaders/Assets/Weapon/WeaponLoader.cs","","weapon loader path","Union visual pointer semantics branch-specific"
"FxElemMarkVisual","struct","Weapon Fx","FxElemDef","0x08","LoaderProven","TRUE","FALSE","FALSE","","FastFile/FastFile.Loaders/Assets/Weapon/WeaponLoader.cs","","weapon loader path","Two material alias-cell pointers"
"FxTrailDef","struct","Weapon Fx","FxElemDef","0x24","LoaderProven","TRUE","FALSE","FALSE","","FastFile/FastFile.Loaders/Assets/Weapon/WeaponLoader.cs","","weapon loader path","Trail child arrays direct"
"FxTrailVertex","struct","Weapon Fx","FxTrailDef","0x14","LoaderProven","TRUE","FALSE","FALSE","","FastFile/FastFile.Loaders/Assets/Weapon/WeaponLoader.cs","","weapon loader path","Counted payload"
"FxSparkFountainDef","struct","Weapon Fx","FxElemDef","0x34","LoaderProven","TRUE","FALSE","FALSE","","FastFile/FastFile.Loaders/Assets/Weapon/WeaponLoader.cs","","weapon loader path","Extended elem payload"
"TracerDefShell","struct","Weapon Tracer","WeaponDef","0x70","LoaderProven","TRUE","FALSE","FALSE","","FastFile/FastFile.Loaders/Assets/Weapon/WeaponLoader.cs","FastFile/FastFile.Models/Assets/Weapon/WeaponChildAssets.cs","tracer_loader_map.md and weapon loader path","Top-level tracer compiler not ready"
